{"cameraMode":{"drawMode":0,"name":"Shaded","section":"Shading Mode"},"sceneLighting":true,"audioPlay":false,"sceneViewState":{"m_AlwaysRefresh":false,"showFog":true,"showSkybox":true,"showFlares":true,"showImageEffects":true,"showParticleSystems":true,"showVisualEffectGraphs":true,"m_FxEnabled":true},"in2DMode":false,"pivot":{"x":244.6419219970703,"y":1.9097614288330079,"z":48.50815963745117},"rotation":{"x":-0.02529686689376831,"y":-0.9671435952186585,"z":0.10654937475919724,"w":-0.22962673008441926},"size":11.971619606018067,"orthographic":false}